Rank,Loss
1,144.86637245353825
2,165.73977883691424
